Employee_ID;Salary;Department
1;3501;5
2;8094;2
3;6184;1
4;5621;2
5;1735;3
6;5675;3
7;2319;6
8;4014;7
9;8924;7
10;5251;5
11;4948;7
12;5647;3
13;6554;2
14;7522;7
15;2293;1
16;7817;4
17;1554;6
18;2447;1
19;8182;1
20;2798;3
21;1406;3
22;6750;5
23;5048;7
24;2666;5
25;6898;4
26;3583;6
27;3306;5
28;7927;2
29;5474;5
30;2271;1
31;4415;5
32;4113;4
33;1977;3
34;1890;2
35;6189;2
36;3612;1
37;6302;6
38;4982;2
39;4120;7
40;8416;5
41;3277;2
42;5814;5
43;3422;3
44;3338;7
45;6967;3
46;1930;2
47;6904;6
48;6613;7
49;8548;4
50;2773;6
51;5186;5
52;3706;7
53;4958;7
54;6830;3
55;1082;7
56;3137;3
57;5064;1
58;7092;1
59;8566;1
60;2031;4
61;5426;5
62;2314;5
63;6800;2
64;3522;2
65;1583;5
66;7905;4
67;1517;1
68;4256;5
69;1728;3
71;2021;3
72;8158;1
73;8889;6
74;6288;5
75;1024;2
76;5349;5
77;3007;4
78;4890;6
79;3469;1
80;7039;7
81;4320;6
82;6663;4
83;2816;6
84;2323;3
85;4568;6
86;8785;7
87;8601;1
88;4239;6
89;7150;7
90;1109;1
91;8164;5
92;4763;3
93;8912;3
94;1327;2
95;7387;6
96;4514;5
97;4634;1
98;7375;1
99;6605;3
100;3434;5
101;1850;6
102;8575;4
103;8437;6
104;1424;5
105;3804;7
106;5983;7
107;7747;5
108;4261;4
109;4394;1
111;8339;1
112;4863;4
113;6824;3
114;6082;7
115;6551;5
116;1331;1
117;7652;4
119;7851;5
120;8328;5
121;2039;3
122;3447;3
123;3756;1
124;4875;7
125;7729;1
126;5311;1
127;8087;1
128;4475;6
129;1393;4
130;8385;1
131;6256;1
132;4984;3
133;8915;2
134;6233;1
135;7995;7
136;8415;3
137;7811;6
138;5675;6
139;6281;6
140;3916;5
141;8955;4
142;8440;4
143;8650;5
144;3584;1
145;3443;4
146;5177;7
147;1515;2
148;8194;1
149;7640;3
150;8170;1
152;5618;4
153;5072;2
154;2876;7
155;5639;1
156;3496;6
157;1433;5
158;6201;2
159;7171;4
160;3234;3
161;7163;5
163;2826;3
164;8741;2
165;1510;7
166;8215;1
168;6821;5
169;5733;3
170;4437;4
171;6938;1
172;7503;7
173;7981;7
175;8623;5
176;3422;7
177;8670;3
178;8797;5
179;5844;2
180;6554;4
181;4726;1
182;3997;3
183;4161;4
184;5237;5
185;8549;1
186;4558;7
187;2916;4
188;5539;2
189;8108;4
190;2414;7
191;8060;2
192;6846;4
193;5595;3
194;7174;5
195;1956;4
196;5995;4
197;1834;6
198;5986;6
199;6426;4
200;6537;4
201;2996;4
202;8675;1
203;2152;2
204;1104;4
205;6139;3
206;4379;4
207;6035;2
208;6453;2
209;7437;2
210;5244;1
211;4363;6
212;3354;2
213;6984;7
214;3293;5
215;6494;5
216;3488;4
217;3464;1
218;4856;5
219;2791;4
220;1063;4
221;2086;5
222;5960;2
223;6859;3
224;7619;2
225;8469;1
226;5267;5
227;2176;6
228;6187;1
229;1069;7
230;3959;1
231;2992;7
232;8390;4
233;4989;1
234;6172;4
235;7587;4
236;6287;6
237;2733;5
238;6380;7
239;1418;4
240;1033;7
241;4288;7
242;7086;5
243;4600;5
244;7400;5
245;5136;2
247;2139;4
248;4365;5
249;4851;3
250;6661;5
251;6913;6
252;8186;1
253;6853;5
254;1717;5
255;8724;3
256;4317;2
257;1502;7
258;7439;2
259;5842;4
260;2767;5
261;7914;5
262;1696;5
263;3035;3
264;2144;3
265;3535;3
266;8539;3
267;1539;5
268;1576;2
269;4740;3
270;8548;2
271;2536;1
272;1830;1
273;1039;3
274;8012;2
275;5140;2
276;6131;3
277;2412;6
278;4038;7
279;2364;5
280;8653;2
281;8014;7
282;5929;3
283;3278;5
284;3043;2
285;6803;3
286;4690;7
287;5214;6
288;8653;5
289;6726;2
290;8429;3
291;4769;6
292;7718;4
293;8073;6
294;1517;4
295;5401;7
296;7018;7
297;6913;4
298;5153;6
299;5670;6
300;4235;7
301;6767;6
302;4856;3
303;4982;5
304;1787;7
305;2759;4
306;4571;2
307;7314;5
308;5292;2
309;8808;3
310;1017;1
311;6455;6
312;8022;3
313;2521;2
314;8885;2
315;2755;6
316;7134;6
318;2210;6
319;4805;7
320;2549;5
321;2997;4
322;5337;2
323;4500;1
324;4250;4
325;6911;6
326;2032;6
327;6488;1
328;7060;1
329;1410;3
330;4707;3
331;4739;4
332;3590;3
333;4854;7
334;3887;7
335;6091;6
336;6965;6
337;3917;4
338;1070;5
339;1160;6
340;5628;6
341;8323;3
342;2242;2
343;1492;3
344;5184;5
345;2284;7
346;3725;1
347;5950;2
348;4127;6
349;2774;5
350;5266;1
351;4789;3
352;7883;7
353;2948;1
354;7022;3
355;4647;6
356;1242;5
357;6457;1
358;3599;7
359;3993;6
360;8712;4
361;6527;5
362;5658;5
363;1256;1
364;3374;4
365;3899;3
366;3794;1
367;1448;7
368;1905;2
369;2042;6
370;3408;6
371;1801;6
372;4793;3
373;8417;3
374;7784;4
375;2558;1
376;8050;5
377;3400;7
378;4755;6
379;2963;6
380;7249;4
381;4261;1
382;3277;3
383;3652;4
384;1265;1
386;1372;6
387;1634;6
388;3043;1
389;8394;5
390;2649;6
391;5736;3
392;7341;4
393;5850;1
395;3007;1
396;3783;3
397;2580;3
398;1046;6
399;4129;3
400;5493;7
401;5567;5
402;8971;3
403;1667;2
404;1463;3
405;7823;3
406;5877;5
407;2673;2
408;6909;5
409;4120;3
410;8546;6
411;8837;5
412;3325;2
413;7341;5
414;2822;7
415;8199;1
416;8578;4
417;5693;7
418;3033;5
419;6936;7
420;5784;3
421;4624;1
422;8432;2
423;5309;1
424;4611;6
425;1655;2
426;2102;4
427;4543;4
428;7627;5
429;3484;3
430;1086;7
431;3318;7
432;4269;4
433;4663;6
434;7417;5
435;4689;5
436;4076;2
437;2014;5
438;7700;6
439;3385;3
440;7521;7
441;3916;6
442;4147;1
443;4048;6
444;4098;7
445;1269;4
446;1730;2
447;2707;5
448;1254;5
449;2325;4
450;5895;3
451;4532;2
452;6836;6
453;2516;2
454;8990;3
455;7715;6
456;6910;4
458;8655;3
459;1629;6
460;6783;5
461;4380;6
462;2821;1
463;1715;3
464;5819;4
465;8655;2
466;5612;4
467;5725;6
468;4200;4
469;7555;1
470;6702;1
471;1037;7
472;4184;1
473;5766;1
474;8778;5
475;1481;2
476;4598;5
477;5840;3
478;5447;4
479;3432;6
480;5344;7
481;4745;7
482;3566;2
483;3838;4
484;1824;1
485;2366;5
486;1309;4
487;4814;2
488;2147;7
489;5630;7
490;6577;7
491;3305;7
492;5101;5
494;4229;1
495;4836;2
496;4782;3
497;7444;2
498;7470;6
499;3578;7
501;7869;7
502;8469;1
503;7802;6
504;7854;3
505;7167;3
506;1292;5
507;5490;3
508;1685;1
509;8440;6
510;3568;1
512;5217;4
513;5058;4
514;8389;1
515;7920;6
516;7119;4
517;7674;3
518;4579;6
519;5320;5
520;8446;4
521;2727;5
522;7897;1
523;5416;6
524;7414;4
525;6960;3
526;2690;2
527;1398;5
528;5110;4
529;4273;1
531;2866;5
532;1549;4
533;3724;1
534;5278;7
535;3660;7
536;2705;2
537;8512;5
538;6128;7
539;1798;5
540;7831;2
541;1708;3
542;1411;7
543;1082;2
544;8062;4
545;8800;2
546;4539;1
547;5476;6
548;2995;7
549;5038;6
550;4549;2
551;3530;3
552;6490;6
553;8927;2
554;2636;6
555;1013;1
556;5654;7
557;7224;1
558;6067;5
559;6735;7
560;1601;3
561;4056;2
562;8844;4
563;4477;5
564;7489;7
565;1706;1
566;4957;5
567;4371;5
568;2669;5
570;2437;4
571;5548;6
572;2616;5
573;8657;2
574;5624;2
575;1952;5
576;3007;1
577;2738;1
578;2081;2
579;7640;4
580;1431;7
581;4956;3
582;1879;7
583;5171;3
584;2924;2
585;7269;3
586;4616;6
587;7361;2
588;8204;1
589;3510;1
590;5489;4
591;8016;1
592;1920;3
593;3479;4
594;6063;4
595;2502;1
596;3949;1
597;4870;1
598;6570;7
599;8589;6
600;6565;1
601;6627;2
602;7634;5
603;4706;7
604;6078;5
605;2212;7
606;6517;5
607;5500;7
608;3714;7
609;2778;7
610;3461;4
611;2468;7
612;4142;1
613;6112;2
614;1602;5
615;7529;2
616;2711;6
617;1579;4
618;6160;2
619;7444;1
620;8743;7
621;4868;4
622;5397;7
623;3409;1
624;5901;3
625;4821;7
626;5952;7
627;8392;5
628;1828;2
629;5634;6
630;1720;6
632;7996;5
633;1508;4
634;6509;7
635;8497;7
636;7682;6
637;7173;1
638;8995;3
639;1728;1
640;2230;7
641;3847;2
642;1827;1
643;4157;3
644;2085;4
645;3975;5
646;3557;2
647;4431;4
648;4817;4
649;8293;3
650;5483;2
651;7776;4
652;3279;7
653;6237;4
654;8240;4
655;3278;5
656;2053;7
657;5996;3
658;6515;5
659;4479;3
660;5185;2
661;4210;6
662;2813;2
663;6662;5
664;7539;4
665;3263;3
666;5665;4
667;4982;3
668;8430;4
669;3055;4
670;5738;5
671;4453;3
672;2754;1
673;1747;6
674;6347;6
675;5725;3
676;2527;6
677;7717;3
678;2635;5
679;6815;1
680;7774;1
681;6363;4
682;1910;5
683;3314;3
684;5764;2
685;5243;1
686;4005;3
687;5883;6
688;7236;3
689;1609;2
690;1404;3
691;8727;3
692;5003;5
693;8242;4
694;2591;6
695;4942;5
696;3756;1
697;2537;5
698;1180;4
699;2883;7
700;2113;6
701;8132;7
702;3378;2
703;6140;7
704;2205;7
705;3683;2
706;5253;7
707;8562;5
708;8245;6
709;4592;6
710;4952;7
711;1756;7
712;8750;5
713;7782;1
714;8439;6
715;5493;2
716;4332;6
717;3222;5
718;4092;3
719;7201;3
720;6490;1
721;3143;6
722;5997;7
723;8740;5
724;7750;4
725;1157;6
726;8730;6
727;4161;2
728;4502;4
729;4477;4
730;6549;7
731;1435;3
732;2351;4
733;4334;5
734;1642;4
735;6133;1
736;5830;7
737;4107;4
738;4984;1
739;3106;6
740;8758;7
741;7747;7
742;5777;7
743;7971;1
744;4886;3
745;3686;5
746;5209;1
747;4733;3
748;4615;7
749;4897;3
750;2030;1
751;2536;5
752;6295;2
753;2614;4
754;2552;4
755;4375;3
756;4900;7
757;4902;2
758;8328;5
759;5648;6
760;7925;3
761;7752;6
762;3630;2
763;6126;2
764;1976;4
765;3884;5
766;4308;2
767;3861;3
768;2324;7
769;4465;5
770;6539;7
772;6916;5
773;1554;7
774;4187;6
775;5125;2
776;4930;4
777;5787;5
778;2315;7
779;4589;4
781;3070;3
782;6235;1
783;5838;7
784;6741;6
785;3478;1
786;4402;7
787;6201;3
788;6584;1
789;3909;3
790;3417;1
791;2862;5
792;8655;5
793;2468;4
794;4935;5
795;8032;1
796;7970;4
797;5361;2
798;1101;4
800;6961;1
801;2221;7
802;6671;4
804;4610;3
805;8642;1
806;1076;6
807;5243;7
808;3378;3
809;7491;4
810;5889;7
811;4056;3
812;7133;2
813;7948;7
814;3877;7
815;6155;7
816;2174;2
818;5748;7
819;8314;2
820;7664;4
821;1753;6
822;7440;3
823;8461;7
824;6038;3
825;5113;4
826;5027;5
827;7393;1
828;8292;7
829;6034;3
830;1742;7
831;2417;1
832;1721;6
833;6856;2
834;7565;3
835;2161;4
836;6308;7
837;6197;2
838;2216;2
839;1553;4
840;5351;2
841;8021;6
842;4034;3
843;8475;7
844;8151;2
845;6737;5
846;2835;3
847;2301;1
848;7091;7
849;3994;3
850;8370;7
851;1307;5
852;4252;7
853;1718;6
854;3627;5
855;4318;7
856;4621;4
857;4356;4
858;7458;2
859;8973;3
860;7699;3
861;8123;4
862;2621;1
863;2840;7
864;4721;5
865;5895;7
866;4813;5
867;3034;7
868;7864;7
869;2860;7
870;7505;4
871;2291;2
872;7835;4
873;5491;2
874;8241;2
875;3159;4
876;6191;3
877;7389;4
878;6387;4
879;3109;2
880;8865;3
881;4909;1
882;2436;1
883;1590;3
884;1227;3
885;4276;6
886;4436;5
887;7029;7
888;5023;6
889;8788;1
890;4912;5
891;3684;3
892;5061;2
893;7588;4
894;5641;3
895;6147;7
896;4871;1
897;1107;7
898;5852;5
899;1188;4
900;7199;6
901;6427;3
902;7348;5
903;7361;6
904;5081;2
905;4190;4
906;7538;7
907;3977;7
909;1112;6
910;8537;3
911;8429;4
912;5512;6
913;6970;5
914;2283;7
915;6713;7
916;4974;2
917;2210;7
918;5641;5
919;8551;4
920;4221;6
921;4691;4
922;2492;6
923;3980;2
924;6541;5
925;8792;4
926;7578;4
927;4931;7
928;3969;6
929;4862;4
930;5522;7
931;7568;1
932;1279;1
933;1805;3
934;5983;4
935;1675;4
936;8837;1
937;6728;5
938;4761;5
939;6148;5
940;7567;3
941;6596;3
942;1142;7
943;4117;4
944;7927;4
945;5660;6
946;6965;3
947;7543;7
948;3934;5
949;8010;3
950;1766;3
951;4560;1
953;1833;7
954;1963;4
955;8604;4
956;3183;3
957;1654;1
958;3857;3
959;8427;3
960;6947;4
961;6187;2
962;5524;4
963;6207;1
964;2432;6
965;2465;6
966;6173;6
967;4970;2
968;5371;3
969;4673;5
970;1500;7
971;5651;1
972;1423;6
973;7956;7
974;1237;6
975;4469;6
976;1529;7
977;2747;2
978;4630;1
979;6439;5
980;4336;4
981;2159;3
982;4336;7
983;6174;5
984;8529;6
985;4971;4
986;6908;6
987;6969;3
988;1279;4
989;4502;7
990;5812;2
991;1802;6
992;3514;3
993;1511;1
994;3225;4
995;6697;2
996;2910;1
997;8624;2
998;6406;1
999;8574;7
1001;6955;4
1002;6171;2
1003;3403;2
1004;8383;1
1006;7584;1
1007;5238;3
1009;6359;6
1010;4976;4
1011;3820;5
1012;5536;4
1013;1921;2
1014;7193;6
1015;8229;5
1016;1940;3
1017;8153;6
1018;4753;1
1019;7848;1
1020;2267;1
1021;8903;6
1022;5455;5
1023;1879;7
1024;1742;4
1025;8424;3
1026;4260;6
1027;2294;3
1028;7873;4
1029;2005;4
1030;8126;5
1031;2985;7
1032;3462;1
1033;7469;6
1034;5918;6
1035;4385;4
1036;6694;6
1037;4347;7
1038;8459;3
1039;6060;3
1040;7023;1
1041;4414;5
1042;2036;5
1043;7244;7
1044;3704;2
1045;6961;6
1046;1147;7
1047;2355;5
1048;3170;3
1049;3658;5
1050;2108;7
1051;8346;5
1052;8938;1
1053;1189;2
1054;3967;7
1055;7271;3
1056;1648;4
1057;1603;2
1058;4077;7
1059;8060;5
1060;7796;4
1061;5908;6
1062;6382;7
1063;7105;3
1064;8837;7
1065;3325;6
1066;7383;5
1067;8072;2
1068;8304;3
1069;6114;7
1070;6513;2
1071;4560;6
1073;3744;6
1074;1248;6
1075;4750;2
1076;6553;6
1077;7983;1
1078;8335;3
1080;5491;7
1082;4743;6
1083;6917;7
1084;2131;7
1085;3616;3
1086;6456;7
1087;1220;3
1088;1498;3
1089;4051;4
1090;3070;6
1091;7709;4
1092;3355;5
1093;3946;5
1094;3088;3
1095;4859;4
1096;1572;1
1097;8805;4
1098;6042;1
1099;1125;4
1100;5390;2
1101;6776;1
1102;2114;2
1103;1178;7
1104;2588;2
1105;2800;4
1106;1820;2
1107;6068;3
1108;4358;7
1109;1764;3
1110;1783;1
1111;8662;5
1112;3881;7
1113;1214;2
1114;3371;4
1115;7814;1
1116;4088;2
1117;8368;6
1118;5366;5
1119;7967;6
1120;4072;2
1121;3014;3
1122;6906;3
1123;7043;7
1124;8320;1
1125;7309;3
1126;8342;2
1127;4265;7
1128;4371;1
1129;6782;4
1130;1725;4
1131;5446;3
1132;1455;7
1133;4763;6
1134;1609;6
1135;3902;2
1136;5955;6
1137;8005;6
1138;5759;3
1139;4682;2
1140;2637;1
1141;5236;3
1142;5778;2
1143;7586;6
1144;7676;5
1145;1191;4
1146;6976;7
1147;5359;7
1148;3531;3
1149;3587;5
1150;1165;5
1151;2848;1
1152;1496;3
1153;3223;7
1154;1368;1
1156;1350;2
1157;5155;2
1158;5709;4
1159;6290;7
1160;2798;4
1161;5678;1
1162;1090;4
1163;3351;5
1164;8253;7
1165;6759;4
1166;1101;1
1167;3053;4
1168;5948;3
1169;1189;2
1170;5848;2
1172;5411;6
1173;7207;4
1174;4769;7
1175;4859;1
1176;7425;1
1177;1633;5
1178;8992;1
1179;4581;2
1180;1750;7
1181;1289;7
1182;3650;2
1183;6076;6
1184;5304;7
1185;3137;1
1186;2559;7
1187;3164;7
1188;7634;1
1189;4592;4
1190;2705;1
1191;5916;2
1192;3047;2
1193;4685;4
1194;4474;2
1195;4643;4
1196;7469;3
1197;1238;4
1198;4943;5
1199;3845;7
1200;2137;6
1201;1436;3
1202;4609;4
1203;4514;5
1204;2967;6
1205;4918;7
1206;5174;6
1207;2001;5
1208;9000;3
1209;1767;5
1210;3486;1
1211;6616;3
1212;5190;6
1213;6244;7
1214;6800;4
1215;7031;5
1216;8926;2
1217;6846;7
1218;5943;4
1219;5559;4
1220;6687;2
1221;5092;3
1222;7740;7
1223;6250;2
1224;8150;2
1225;5545;2
1226;5160;4
1227;2877;1
1228;8517;2
1229;1124;6
1230;8344;3
1231;5960;5
1232;6676;4
1233;1698;7
1234;5981;1
1235;7911;2
1236;1065;2
1237;6950;7
1238;8991;5
1239;4203;2
1240;1191;5
1241;4542;6
1242;2254;3
1243;1652;1
1244;3153;7
1245;4314;2
1246;4818;3
1247;3105;1
1248;1736;4
1249;6728;4
1250;7750;4
1251;6332;5
1252;1175;5
1253;6569;1
1254;3894;4
1255;2014;6
1256;2406;2
1257;2432;3
1258;2607;4
1259;2921;6
1260;1210;4
1261;1498;3
1262;4332;3
1263;4009;1
1264;7012;3
1265;1660;2
1266;8354;2
1267;3537;7
1268;6353;5
1269;5826;6
1270;6695;3
1271;8020;7
1272;7117;6
1273;5397;4
1274;3465;3
1275;5963;3
1276;1960;5
1277;1291;1
1278;3724;2
1279;6056;2
1280;7950;2
1281;5118;6
1282;4022;7
1283;3594;2
1284;7962;7
1285;8966;2
1286;5310;2
1287;3682;7
1288;6610;6
1289;6164;5
1290;7777;5
1291;8486;3
1292;6065;4
1293;5048;3
1294;5499;1
1295;5751;1
1296;4063;5
1297;6935;2
1298;3761;5
1299;1051;7
1300;4353;4
1301;2839;4
1302;8083;3
1303;8936;6
1304;8451;3
1305;6766;7
1307;7779;5
1308;4328;7
1309;4355;4
1310;2874;7
1312;2752;1
1313;7257;6
1314;5350;1
1315;1827;4
1316;5037;6
1317;5263;6
1318;5311;1
1319;4399;6
1320;6245;1
1321;4067;6
1322;4195;2
1323;8383;2
1324;3880;6
1325;4856;2
1326;8341;3
1327;8102;5
1328;5861;7
1329;2421;1
1330;2607;2
1331;8113;1
1332;6643;3
1333;3263;1
1334;4732;4
1335;4790;1
1336;1703;3
1337;7956;4
1338;3854;1
1340;2634;7
1341;2871;5
1342;6754;4
1343;8570;4
1344;3474;3
1345;5286;1
1346;6468;5
1347;3703;6
1349;2241;6
1350;4558;2
1351;4349;7
1352;4696;6
1353;4159;1
1354;3188;3
1355;2057;4
1356;8527;6
1357;7021;2
1358;6171;1
1359;1207;6
1360;2523;3
1361;3912;3
1362;5133;7
1363;4335;5
1364;1666;4
1365;3137;2
1366;8968;1
1367;5431;2
1368;2861;4
1369;3039;6
1370;1945;2
1371;4288;3
1372;4067;3
1373;7303;4
1374;1618;6
1375;3192;2
1376;1600;2
1377;7257;5
1378;4938;2
1379;2722;3
1380;6368;2
1381;6533;7
1382;4047;3
1384;6770;2
1385;6498;2
1386;8796;3
1387;1276;6
1388;8454;6
1389;2235;2
1390;2950;6
1391;7457;7
1392;8475;3
1393;4982;2
1394;4179;3
1395;1918;7
1397;2303;5
1398;3561;4
1399;6420;3
1400;2386;3
1401;3246;3
1402;5692;5
1403;5900;2
1404;8906;5
1405;4044;1
1406;1514;2
1407;4205;3
1408;4642;3
1409;7186;1
1410;8774;4
1411;2508;4
1412;4378;1
1413;5101;5
1414;2774;1
1415;3087;4
1416;8576;6
1417;2913;3
1418;1651;6
1419;6827;5
1420;3111;1
1421;6999;4
1422;1575;6
1423;4259;2
1424;4226;3
1425;3490;1
1426;7635;7
1427;8505;4
1428;1708;6
1429;3134;5
1430;3848;6
1431;1294;3
1432;6523;5
1433;2532;1
1434;6361;1
1435;8568;3
1436;5782;5
1437;6462;1
1438;7851;7
1439;3662;3
1440;8514;3
1441;3765;3
1442;6680;2
1443;5199;6
1444;7591;7
1445;2680;2
1446;8959;4
1447;6717;5
1448;1039;4
1449;6118;6
1450;3354;6
1451;6103;4
1452;7911;3
1453;5654;2
1454;7678;3
1455;6004;4
1456;4184;4
1457;6055;1
1458;1231;7
1460;4027;7
1461;8848;1
1462;2419;3
1463;4069;1
1464;7708;2
1465;5262;6
1466;7851;2
1467;2221;2
1468;4438;3
1469;6165;5
1470;8620;5
1471;1375;2
1472;7276;4
1473;2874;2
1474;2722;2
1475;5616;2
1476;4645;4
1477;6606;5
1478;4936;3
1479;2550;1
1480;1417;3
1482;1165;2
1483;6066;5
1484;5128;3
1485;4416;4
1486;6060;2
1487;3285;5
1488;7388;2
1489;3534;4
1490;6917;3
1491;6566;1
1492;5270;6
1493;5319;7
1494;2303;3
1495;2205;1
1496;1725;5
1497;4900;6
1498;7114;4
1500;2765;3
1501;4719;4
1502;5848;6
1503;3502;7
1504;1373;2
1505;5359;4
1506;2554;7
1507;4395;5
1508;5300;5
1509;4775;6
1510;2371;2
1511;1418;6
1512;3446;1
1513;2775;5
1514;4227;4
1515;8823;1
1516;7907;7
1517;5484;6
1518;8360;2
1519;3901;4
1520;4936;3
1521;8795;3
1522;7833;3
1523;7965;6
1524;6539;1
1525;6543;1
1526;8842;2
1527;8103;4
1528;5240;4
1529;5516;1
1530;6566;1
1531;5891;2
1532;1709;6
1533;8168;1
1534;7764;2
1535;8489;3
1536;6116;4
1537;2281;1
1538;3618;7
1539;6994;4
1540;1763;6
1541;7556;2
1542;2637;2
1544;7170;4
1545;8620;2
1546;5707;2
1547;1503;1
1548;6879;1
1549;8657;2
1550;7548;5
1551;7146;6
1552;5362;1
1553;6740;1
1554;4923;5
1555;2091;6
1556;7610;6
1557;2408;5
1558;6497;6
1559;8328;3
1560;1104;2
1561;3286;3
1562;1805;5
1563;1765;4
1564;4159;5
1565;1911;6
1566;8982;7
1567;6095;3
1568;8389;1
1569;6521;7
1570;8803;1
1571;2521;5
1572;7052;3
1573;2016;5
1574;4186;5
1575;6617;4
1576;8645;2
1577;5372;1
1578;1571;4
1579;3514;6
1580;1023;3
1581;5125;7
1582;6717;6
1583;3176;1
1584;3830;1
1585;3960;2
1586;5120;4
1587;1064;1
1588;4482;3
1589;6061;6
1590;8518;5
1591;6399;2
1592;5999;7
1593;4609;6
1594;3759;2
1595;3727;5
1596;4690;5
1597;8610;5
1598;1943;6
1599;2422;6
1600;2568;3
1601;1865;5
1602;2546;2
1603;7981;1
1604;5924;4
1605;5764;5
1606;7256;3
1607;1130;6
1608;7717;5
1609;7925;7
1610;3162;2
1611;6980;4
1612;4402;6
1613;6202;2
1614;8068;3
1615;6354;3
1616;6659;7
1617;1900;3
1618;3123;7
1619;1243;2
1620;3428;4
1621;5005;5
1622;4766;6
1623;5012;3
1625;5619;6
1626;1875;3
1627;4859;6
1628;2330;6
1630;7438;5
1631;5099;4
1632;2920;3
1633;3115;2
1634;6630;3
1635;3190;3
1636;5198;2
1637;2100;7
1638;5142;2
1639;4274;3
1640;4559;6
1641;3678;3
1642;7926;5
1643;5623;4
1644;4262;1
1645;4990;1
1646;5804;1
1647;6558;4
1648;6123;7
1649;3862;6
1650;4578;6
1651;7503;1
1652;1722;4
1653;5809;7
1654;4083;5
1655;5361;3
1656;3872;5
1657;8340;4
1658;1551;2
1659;6611;5
1660;1299;4
1661;2875;3
1662;8995;1
1663;1766;4
1664;4059;6
1665;1112;3
1666;3183;2
1668;8148;6
1669;2014;4
1670;3295;7
1671;3704;3
1672;1640;5
1673;3153;3
1674;1381;6
1675;2777;7
1676;6796;1
1677;1681;3
1678;1009;3
1679;4646;2
1680;1632;1
1681;6213;2
1682;4384;1
1683;8462;5
1684;1981;4
1685;7962;4
1686;6550;1
1687;8115;7
1688;6945;3
1689;8044;1
1690;1977;5
1691;5699;7
1692;5403;7
1693;7746;6
1694;6410;4
1695;8522;7
1696;8564;2
1697;5831;3
1698;5368;4
1699;5184;1
1700;4920;6
1701;6612;1
1702;5407;4
1703;4981;7
1704;6156;3
1705;6174;7
1706;4866;1
1707;5606;1
1708;5815;5
1709;4994;4
1710;2750;5
1711;1058;2
1712;1618;6
1713;3809;7
1714;1391;2
1715;7430;5
1716;7650;3
1717;8670;4
1718;7975;4
1719;5453;4
1720;7826;7
1721;7269;7
1722;1208;7
1723;4894;3
1724;5640;5
1725;1502;4
1726;1198;1
1727;2517;7
1728;8278;2
1729;3916;6
1730;8277;1
1731;7153;3
1732;8372;3
1733;6963;2
1734;8722;4
1735;4704;5
1736;2676;5
1737;7159;4
1738;8634;2
1739;1216;3
1740;8443;5
1741;4558;4
1742;2479;4
1743;2032;3
1744;5077;6
1745;5278;1
1746;6867;4
1747;3608;1
1748;8145;4
1749;3294;6
1750;1722;2
1751;3253;1
1752;4841;1
1753;8658;4
1754;5700;1
1755;4059;3
1756;3800;5
1757;6538;2
1758;6303;4
1759;7847;6
1760;5562;3
1761;8015;2
1762;2809;3
1763;2907;6
1764;4783;7
1765;6261;6
1766;5997;2
1767;5130;6
1768;2237;2
1769;3573;4
1770;5168;3
1771;6132;2
1772;6818;5
1773;7419;7
1774;4067;4
1775;8080;1
1776;1155;3
1777;2207;5
1778;3798;3
1779;2963;7
1780;8515;5
1781;2645;6
1782;3181;2
1783;2416;6
1784;1976;7
1785;5522;4
1786;5230;3
1787;3795;7
1788;2646;3
1789;2192;2
1790;4709;1
1791;4870;5
1792;8329;1
1793;5947;2
1794;2277;5
1795;8532;4
1796;7171;5
1797;1933;6
1798;7081;7
1799;6344;6
1800;5932;1
1801;8594;2
1802;4746;2
1803;7881;1
1804;4359;3
1805;5565;2
1806;7940;6
1808;1879;6
1809;4758;2
1810;1201;3
1811;7167;4
1812;3523;5
1813;4791;2
1814;7860;2
1815;7885;3
1816;7430;1
1817;6346;1
1818;5820;4
1819;4534;6
1820;1211;2
1821;3907;4
1822;3918;4
1823;5498;4
1824;1395;7
1825;3848;1
1826;3833;6
1827;6465;6
1828;6453;6
1829;2015;1
1830;2071;5
1831;8278;4
1832;6983;3
1833;1185;4
1835;8130;4
1837;2597;3
1838;8477;4
1839;7567;7
1840;4571;2
1841;7875;6
1842;6457;1
1843;4235;3
1844;2322;4
1845;9000;6
1846;1006;1
1847;7451;2
1848;1236;3
1849;2831;5
1850;2783;2
1851;3538;5
1852;3085;3
1853;5108;2
1855;6490;5
1856;6615;6
1857;4847;3
1858;3344;3
1860;8508;2
1861;6366;3
1862;1719;7
1863;6895;6
1864;7680;2
1865;2318;7
1866;4977;5
1867;3892;7
1868;2363;6
1869;6986;7
1870;5477;1
1871;3368;2
1872;6277;2
1873;1992;1
1874;2041;4
1875;8082;5
1876;8318;7
1877;7132;5
1878;7516;3
1879;5939;3
1880;1349;7
1881;7224;6
1882;4159;3
1883;7577;3
1884;6539;3
1885;6453;7
1886;3428;5
1887;5596;4
1888;4080;4
1889;3408;1
1890;6202;6
1891;1642;1
1892;5654;3
1893;3213;2
1894;5362;5
1895;6798;5
1896;6404;7
1897;4609;5
1898;1534;1
1899;8513;6
1900;6311;4
1901;6417;5
1902;7622;2
1903;7765;6
1904;8446;3
1905;2151;4
1906;7621;7
1907;4667;4
1908;7363;2
1909;8610;2
1910;1367;1
1911;6364;7
1912;8979;6
1913;5283;7
1914;2727;7
1915;2271;4
1916;2467;4
1917;2118;2
1918;2879;1
1919;4815;6
1920;4263;2
1921;8218;7
1922;6422;3
1923;3649;3
1924;8007;2
1925;2579;4
1926;1501;2
1927;2763;4
1928;5381;6
1929;4845;4
1930;1603;3
1931;1984;3
1932;5761;5
1933;5192;7
1934;5768;2
1935;6598;5
1936;6817;7
1937;2006;7
1938;1493;7
1939;8030;4
1940;4063;6
1941;5539;6
1942;2095;3
1943;1098;6
1944;2787;6
1945;3098;3
1946;8751;5
1947;8716;6
1948;7784;5
1949;6140;6
1950;6499;1
1951;7666;7
1952;7904;5
1953;1669;5
1954;8108;6
1955;4430;7
1956;4829;4
1957;6832;6
1958;7449;4
1959;7273;2
1960;5136;2
1961;7153;1
1962;4644;6
1963;2753;5
1964;5904;2
1965;7404;7
1966;7862;6
1967;5866;6
1968;8001;3
1969;3082;4
1970;1740;1
1971;7103;2
1972;2695;3
1973;2724;7
1974;4774;5
1975;5881;1
1976;5400;7
1977;6543;6
1978;1556;3
1979;2623;6
1980;8273;6
1981;3949;2
1982;2649;1
1983;2075;6
1984;5546;2
1985;3592;5
1986;6906;6
1987;3718;6
1988;7420;2
1989;1593;1
1990;2176;7
1991;4691;6
1992;2234;4
1993;3039;3
1994;5111;5
1995;8158;7
1996;1225;4
1997;3158;6
1998;2652;7
1999;1247;4
2000;7832;5
2001;2784;7
2002;1594;3
2003;2727;6
2004;3431;3
2005;7723;1
2006;6696;3
2007;2710;2
2008;4273;4
2009;6622;7
2010;5046;1
2011;1681;6
2012;1023;6
2013;3406;6
2014;2894;3
2016;5743;3
2017;1627;5
2018;7316;6
2019;5942;1
2020;8948;1
2021;5833;5
2022;4814;6
2023;3102;1
2024;7451;7
2025;8807;1
2026;8357;7
2027;6900;7
2028;2155;2
2029;7720;3
2030;8488;7
2031;6231;4
2032;8564;6
2033;1863;6
2034;1887;2
2035;7113;3
2036;5535;4
2037;1579;5
2038;2313;4
2039;7040;4
2040;5932;1
2041;7860;4
2042;4072;1
2043;7892;6
2044;5295;5
2045;7499;7
2046;7898;6
2047;7270;3
2048;6645;2
2049;4306;3
2050;4693;2
2051;8879;3
2052;2447;5
2053;2929;1
2054;4748;2
2055;8477;6
2056;7721;3
2057;4370;3
2058;5153;5
2059;5152;3
2060;4928;1
2061;4326;5
2062;3158;7
2063;4146;6
2064;6254;1
2065;6796;7
2066;3387;2
2067;7214;6
2068;4199;7
2069;8980;6
2070;7801;7
2071;4847;4
2072;8855;4
2073;8744;5
2074;1182;2
2075;4321;7
2076;5645;1
2077;2971;2
2078;8227;6
2079;8225;2
2080;6882;3
2081;1032;3
2082;5076;1
2083;3510;4
2084;8197;4
2085;1136;7
2086;4879;4
2087;7672;6
2088;4024;2
2089;2101;3
2090;8821;5
2091;5161;6
2092;5497;1
2093;3344;6
2094;5008;4
2095;1707;6
2096;2280;6
2097;4031;7
2098;5461;6
2099;7936;1
2100;3229;4
2101;2325;3
2102;3933;6
2103;7020;7
2105;7452;2
2106;4748;7
2107;2680;1
2108;6463;1
2109;1460;6
2110;3866;5
2111;1988;3
2112;7032;2
2113;7341;1
2114;6702;1
2115;7524;6
2116;2888;3
2117;4001;7
2118;4545;1
2119;8193;2
2120;4036;1
2121;4964;1
2122;4758;7
2123;4982;7
2124;4069;6
2125;8624;5
2126;2225;1
2127;6630;3
2128;8771;3
2129;4134;1
2130;7418;7
2131;7593;6
2132;2291;1
2133;7395;6
2134;7287;7
2135;7061;4
2136;5515;6
2137;1064;4
2138;8016;5
2139;7486;6
2140;8230;3
2141;6780;1
2142;5671;6
2143;8487;6
2144;6623;6
2145;2026;2
2146;7083;4
2147;8910;3
2148;5689;5
2149;7087;7
2150;6948;1
2151;1727;1
2152;4996;7
2153;7556;2
2154;8698;1
2155;5585;3
2156;8567;4
2157;4678;7
2158;5683;7
2159;1710;2
2160;1189;7
2161;3455;3
2162;6734;5
2163;3248;6
2164;7703;6
2165;1116;1
2166;7202;2
2167;5945;1
2168;7140;1
2169;4193;5
2170;6899;5
2171;2632;5
2172;2935;4
2173;1975;5
2174;4934;4
2175;1955;5
2176;1966;3
2177;7359;7
2178;7974;2
2179;2607;4
2180;2013;2
2181;6202;6
2182;4251;2
2183;4145;1
2184;8562;7
2185;6979;7
2186;2228;2
2187;5680;3
2188;3746;2
2189;7569;5
2190;8605;5
2191;2831;7
2192;8788;7
2193;3066;6
2194;3000;7
2195;3453;2
2196;5506;5
2197;7250;2
2198;2803;7
2199;3405;5
2200;7207;5
2201;3370;3
2202;5870;2
2204;3525;3
2205;6563;6
2206;5485;5
2208;3903;5
2209;2989;4
2210;4796;2
2211;3014;5
2212;4845;7
2213;3946;6
2214;4343;7
2215;4529;2
2216;8099;3
2217;4901;2
2218;2476;4
2219;3250;4
2220;1541;6
2221;3407;5
2222;3695;7
2223;8211;7
2224;4878;6
2225;8746;6
2226;3387;4
2227;1675;4
2228;5546;5
2229;6342;4
2230;3245;7
2231;5690;4
2232;3711;7
2233;1706;7
2234;4997;6
2235;4237;4
2236;2762;3
2237;3399;6
2238;6692;4
2239;4476;1
2240;3144;4
2241;8436;1
2242;3785;4
2243;8572;1
2244;7259;5
2245;8310;5
2246;6890;4
2248;5448;3
2249;6326;1
2250;3271;7
2251;8677;7
2252;5525;1
2253;1929;3
2254;6547;6
2255;4499;1
2256;7756;2
2257;6975;1
2258;5924;5
2259;7928;3
2260;1151;3
2261;3039;4
2262;2871;4
2263;1308;7
2264;6292;6
2265;2447;7
2266;3416;5
2267;7006;2
2268;3002;7
2269;5021;5
2270;1533;3
2271;7249;4
2272;5010;2
2273;8711;4
2274;7590;2
2275;5585;6
2276;6900;5
2277;3573;1
2278;3751;5
2279;1422;5
2280;8949;7
2281;1310;7
2282;7126;7
2283;1044;3
2284;8503;3
2285;1545;5
2286;3023;4
2287;4923;6
2288;2753;3
2289;3286;6
2290;7376;4
2291;5872;2
2292;8648;2
2293;5125;1
2294;8013;3
2295;1680;4
2296;8854;7
2298;7408;5
2299;4681;1
2300;4674;1
2301;7791;4
2302;4789;5
2303;3721;1
2304;5453;1
2305;8435;6
2306;1304;4
2307;7004;4
2308;4875;7
2309;4632;1
2310;1495;1
2311;1543;1
2312;7048;7
2313;1799;2
2314;1490;7
2315;5675;3
2317;8115;4
2318;2815;3
2319;5142;3
2320;3608;6
2321;5530;6
2322;6920;3
2323;4365;7
2325;7227;7
2326;8059;4
2327;3332;5
2328;3483;1
2329;6468;7
2331;3203;3
2332;6417;6
2334;5100;2
2335;6905;6
2336;4342;7
2337;3569;6
2338;1312;7
2339;1378;5
2340;7650;5
2341;2697;2
2342;5053;2
2343;4398;7
2344;2071;3
2345;6433;6
2346;6272;4
2347;4139;5
2348;5215;3
2349;8722;7
2350;7248;5
2351;6709;6
2352;4261;7
2353;8537;2
2354;6765;3
2355;3816;3
2356;5266;3
2357;4204;4
2358;1176;1
2359;2144;4
2360;2379;2
2361;2557;6
2362;5187;7
2363;3544;7
2364;5459;6
2366;3977;6
2368;6161;5
2369;7225;1
2370;6770;4
2371;1038;4
2372;1910;2
2373;5948;4
2374;7701;3
2375;8327;2
2376;5120;6
2377;7520;5
2378;2289;4
2379;5210;6
2380;7571;2
2381;7152;7
2382;6282;2
2383;3299;7
2384;4056;2
2385;6757;6
2386;3946;7
2388;1744;4
2389;1148;6
2390;6873;3
2391;3001;2
2392;7595;2
2393;1570;7
2394;1225;2
2395;7875;4
2396;8061;2
2397;8607;7
2398;7417;5
2399;2497;3
2400;3673;4
2401;6312;2
2402;7944;4
2403;5739;6
2404;3743;5
2405;1708;6
2406;5383;7
2407;8107;6
2408;5030;4
2409;7757;6
2410;4756;6
2411;5800;1
2412;5228;3
2413;2332;7
2415;8066;2
2416;8708;2
2417;4266;7
2418;7801;7
2419;2895;2
2420;1583;1
2421;2094;7
2422;3423;3
2423;3951;4
2424;1018;3
2425;7245;5
2426;5302;3
2427;4539;6
2428;1145;4
2429;2013;7
2430;4878;5
2431;8631;3
2432;8034;2
2433;6801;5
2434;2103;2
2435;1508;4
2436;2133;2
2438;7249;4
2439;6564;7
2440;6654;4
2442;2290;1
2443;3730;5
2444;5269;1
2445;8545;5
2446;1539;1
2447;6425;1
2448;6816;4
2449;8442;3
2450;2084;5
2451;2811;2
2452;6742;7
2453;1539;7
2454;3314;7
2455;2001;6
2456;3090;6
2457;8872;5
2458;7186;7
2459;7618;7
2460;7420;4
2461;5778;6
2462;1744;1
2463;8912;3
2464;8230;2
2465;8611;5
2466;6363;2
2467;5802;4
2468;8141;6
2469;6459;2
2470;7105;3
2471;4179;4
2472;5010;6
2473;8620;5
2474;4712;5
2475;2493;5
2476;4847;1
2477;6114;1
2478;8443;7
2479;8033;2
2480;7861;7
2481;3956;1
2482;7376;3
2483;8672;3
2484;6498;2
2485;4860;6
2487;1803;7
2488;2806;2
2489;2926;4
2490;4631;2
2491;1546;4
2492;3654;6
2493;7508;6
2494;6642;5
2496;4530;6
2497;6303;4
2498;2620;1
2500;5855;4
2501;5962;5
2502;3384;1
2503;1129;3
2504;4559;5
2505;1112;2
2506;3837;1
2507;8050;4
2508;2483;3
2509;8642;5
2510;7720;5
2511;6854;2
2512;3999;3
2513;4828;6
2516;2778;4
2517;4321;3
2518;8516;6
2519;5929;4
2520;8245;3
2521;2647;5
2522;7275;3
2523;8286;5
2524;4515;3
2525;8316;7
2526;6318;5
2527;2969;6
2528;6391;2
2529;6699;2
2530;7426;3
2531;5013;3
2532;1511;7
2533;5690;6
2534;7230;5
2535;1411;5
2536;7244;2
2537;4254;2
2538;4322;3
2539;4074;7
2540;5433;3
2541;3538;6
2542;8842;1
2543;3520;3
2544;4367;1
2545;7087;2
2546;4807;5
2547;7290;2
2548;5082;3
2549;4856;4
2550;1246;5
2551;8926;3
2552;6086;6
2553;8973;7
2554;6060;6
2556;7220;2
2557;4618;7
2558;1854;4
2559;7534;3
2560;1569;6
2561;1520;4
2562;5737;1
2563;8641;3
2564;6480;5
2565;3599;6
2566;3447;6
2567;3626;4
2568;2346;2
2569;6957;6
2570;2168;4
2571;8247;2
2572;6091;1
2573;1338;4
2574;8678;1
2575;2779;1
2576;6880;4
2577;7035;7
2578;1192;2
2579;7276;7
2580;4450;4
2581;5099;3
2582;6083;4
2583;1815;2
2584;5478;4
2585;6892;5
2586;2250;3
2587;8514;1
2588;2360;4
2589;2991;6
2590;5013;3
2591;1765;6
2592;4790;1
2593;8362;2
2594;8602;1
2595;5264;4
2596;6328;6
2597;5178;2
2598;1601;2
2599;2081;7
2600;3518;7
2601;6203;6
2602;1594;7
2603;6424;3
2604;3248;3
2605;2833;4
2606;5329;2
2607;4622;4
2608;2559;6
2609;8285;2
2610;2645;7
2611;5908;5
2612;4547;7
2613;2778;7
2614;1785;3
2615;6520;7
2616;1668;2
2617;1818;5
2618;5198;6
2619;7484;5
2620;5621;5
2621;6933;7
2622;4111;5
2623;3168;6
2624;5056;4
2625;6030;5
2626;3203;5
2627;1575;2
2628;1233;1
2629;7470;5
2630;5155;5
2631;7952;3
2632;7411;4
2633;4449;4
2634;4515;7
2635;1334;3
2636;6921;6
2637;6685;7
2638;3116;1
2639;3998;5
2640;1476;1
2641;8704;2
2642;4676;1
2643;3301;7
2644;1819;4
2645;4468;7
2646;4483;7
2647;3229;3
2648;5747;1
2649;8344;7
2650;4786;1
2651;6822;5
2652;2144;7
2653;3650;7
2654;2730;7
2655;1058;2
2656;6411;1
2657;8578;7
2658;8341;1
2659;4584;1
2661;3275;6
2662;7425;4
2663;5358;6
2664;5392;2
2665;2790;6
2666;6544;5
2667;5314;3
2668;7319;7
2669;4604;6
2670;2571;7
2671;6122;3
2672;3270;3
2673;5332;6
2674;3011;5
2675;6954;2
2676;1993;5
2677;3540;6
2678;2779;2
2679;5806;2
2680;6326;5
2681;8583;7
2682;3599;2
2683;1704;4
2684;8922;4
2685;4997;5
2686;2346;4
2687;8787;6
2688;7407;5
2689;4357;2
2690;4031;1
2691;5439;3
2692;8596;5
2693;3669;2
2694;8299;6
2695;8645;4
2696;6795;4
2697;3615;2
2698;5132;5
2699;8150;1
2700;5626;2
2701;1949;1
2702;7910;2
2703;4434;4
2704;7516;7
2705;5424;6
2706;3163;6
2707;1422;5
2708;7996;4
2709;4337;7
2710;3227;1
2711;5747;1
2712;2185;2
2713;2463;2
2714;1316;2
2715;8871;4
2716;2102;3
2717;3909;6
2718;8792;6
2719;7554;3
2720;3070;4
2721;6162;5
2722;1040;6
2723;3319;3
2724;3851;3
2725;6408;2
2726;8559;2
2727;5697;6
2728;5246;7
2729;2344;5
2730;5237;5
2731;8668;3
2732;5497;6
2733;6055;7
2734;5415;1
2735;6145;2
2736;1173;6
2737;3644;4
2738;8393;7
2739;5899;1
2740;6103;2
2741;1804;3
2742;7084;4
2743;7998;7
2744;3680;2
2745;8404;6
2747;8156;7
2748;3739;4
2749;6084;2
2751;7778;5
2752;3436;7
2753;1721;1
2754;8994;2
2755;5922;1
2756;3702;4
2757;3770;2
2758;7725;1
2759;7618;7
2760;5014;1
2761;2260;5
2762;6415;3
2763;8903;1
2764;5261;5
2765;6264;2
2766;3401;4
2767;8390;1
2768;4963;1
2769;7190;7
2770;1142;6
2771;8542;1
2772;5403;1
2773;8776;4
2774;2643;5
2775;2350;3
2776;1244;4
2777;4883;2
2778;7864;1
2779;1563;1
2780;2600;2
2781;2171;3
2782;1114;7
2783;3164;2
2784;7857;1
2786;3616;6
2787;3805;6
2788;2953;5
2789;7982;6
2790;1282;7
2791;5888;5
2792;1503;7
2793;5357;4
2794;1708;3
2796;5276;5
2797;7569;2
2798;5755;1
2799;1147;6
2800;4376;7
2801;3602;5
2802;6893;1
2803;6188;6
2804;5634;3
2806;2753;1
2807;4278;2
2808;7154;1
2809;2867;7
2810;5633;5
2812;1760;7
2813;1299;7
2814;2744;1
2815;3854;1
2816;7306;6
2817;7143;6
2818;2973;5
2819;6422;2
2820;5772;7
2822;7464;6
2823;1004;7
2824;4548;1
2825;5760;1
2826;3704;4
2827;4539;1
2828;6783;3
2829;7659;4
2830;4751;3
2831;8669;3
2832;1245;1
2835;6782;2
2836;4992;3
2837;4399;2
2838;4056;1
2839;4851;3
2840;7473;2
2841;2382;5
2842;6340;7
2843;5954;5
2844;4713;4
2845;7213;6
2846;7883;4
2847;5761;4
2848;7966;3
2849;2846;3
2850;4503;5
2851;2531;2
2852;8779;1
2853;1193;5
2854;2455;2
2855;6348;4
2856;8133;7
2857;6074;3
2858;8746;5
2859;8585;2
2860;3529;1
2861;8491;7
2862;2848;1
2863;5193;7
2864;7876;5
2865;6307;2
2866;5030;7
2867;5130;7
2868;2188;6
2869;4794;5
2871;7614;2
2872;8775;5
2873;2745;3
2874;1204;4
2875;8315;5
2876;6102;4
2877;4746;1
2878;7858;7
2879;8037;3
2880;1331;4
2881;5130;2
2882;7549;1
2883;8358;2
2884;6835;5
2885;2977;1
2886;6076;2
2887;8697;4
2888;4324;5
2889;8951;2
2890;7476;1
2891;5573;1
2892;1869;5
2895;8838;7
2896;7104;7
2897;3979;2
2898;7079;4
2899;2550;3
2900;5678;1
2901;5831;3
2902;1301;7
2903;7446;3
2904;4824;6
2906;6901;1
2907;5428;3
2908;1045;7
2909;1516;7
2910;1562;6
2911;4595;5
2912;8991;2
2913;5816;7
2914;8410;2
2915;2663;6
2916;4285;6
2917;6228;3
2918;8665;7
2919;5921;1
2920;2560;3
2921;7517;3
2922;2850;2
2923;7153;7
2924;6313;7
2925;3531;3
2926;4375;7
2927;3426;2
2928;3522;6
2929;2183;6
2930;3703;1
2931;6199;1
2932;4861;7
2933;1582;6
2934;6726;6
2935;2907;5
2936;2840;6
2937;8897;2
2938;7587;1
2939;7239;5
2940;3042;1
2941;4529;6
2942;3081;3
2943;1033;5
2944;6441;7
2945;1396;5
2946;6510;5
2947;3520;6
2948;5869;5
2949;1158;1
2950;8601;1
2951;4229;6
2952;2848;5
2953;6292;5
2954;5385;4
2955;1129;4
2956;4103;5
2957;5930;3
2958;2744;1
2959;7081;7
2960;2807;2
2961;4676;5
2962;7260;6
2963;5108;6
2964;3045;7
2965;6039;6
2966;1635;7
2967;6580;2
2968;4442;3
2969;2537;3
2970;6773;6
2971;1865;4
2972;2020;2
2973;5447;6
2974;1251;3
2975;2370;2
2976;5648;1
2977;1656;3
2979;8317;7
2980;3863;7
2981;5645;5
2983;8558;6
2984;4495;4
2985;5367;2
2986;5507;6
2987;8906;4
2988;5133;1
2989;3246;2
2990;1083;6
2991;6319;6
2992;7116;7
2993;5201;7
2994;5333;3
2995;4225;5
2996;8597;7
2997;6683;7
2998;8322;6
3000;4380;6
3001;2801;3
3002;7303;4
3003;2277;3
3004;1850;2
3005;1914;4
3006;2738;5
3007;4694;5
3008;1667;3
3009;3058;6
3010;6656;2
3011;1849;4
3012;7194;3
3013;8839;4
3014;1361;6
3015;7263;2
3016;1266;7
3017;1789;1
3018;7133;6
3019;8126;2
3020;7821;7
3021;6426;1
3023;7022;2
3024;7718;6
3025;3506;7
3026;2037;6
3027;7380;2
3028;1758;5
3029;8721;5
3030;8106;3
3031;7018;7
3032;6719;6
3033;1778;7
3034;3936;1
3035;1833;5
3036;7843;6
3037;4550;7
3038;6656;1
3039;4508;5
3040;4340;1
3041;7039;4
3042;7459;6
3043;1759;6
3044;8816;2
3045;3187;2
3046;8987;5
3047;3811;3
3048;8323;4
3049;3854;7
3050;7717;3
3051;6536;6
3052;3150;5
3053;7906;5
3054;4518;5
3055;7249;4
3056;2386;6
3057;1722;2
3058;8120;7
3059;5669;5
3060;4046;5
3061;1955;5
3062;6535;3
3063;3543;1
3064;1448;4
3065;4837;5
3066;7770;2
3067;1869;2
3068;3142;1
3069;3834;1
3070;5289;7
3071;2350;2
3072;6379;2
3073;5418;6
3074;1308;2
3075;1594;6
3076;6670;5
3077;3550;1
3078;7927;1
3079;4668;6
3080;6283;5
3081;6870;2
3082;7376;6
3083;3209;1
3084;3241;6
3085;3604;7
3086;5975;2
3087;4712;7
3088;3850;7
3089;6764;3
3090;5364;2
3091;6386;7
3092;5336;4
3093;8535;3
3094;6193;5
3095;8991;6
3096;2268;7
3097;1211;4
3098;6771;1
3099;8865;6
3100;1107;1
3101;1287;6
3102;7619;4
3103;6776;2
3104;7605;4
3105;3006;7
3106;2618;1
3107;8741;1
3108;2120;4
3109;8135;1
3110;4343;1
3111;3079;3
3112;6819;5
3113;4561;5
3114;4673;4
3115;8169;6
3116;3682;7
3117;4171;7
3118;3561;6
3119;6108;5
3120;5793;7
3121;7349;4
3122;5033;1
3124;3098;4
3125;7376;7
3126;1434;1
3127;2772;5
3128;5611;5
3129;1722;4
3130;6969;3
3131;4751;3
3132;8313;6
3133;7382;1
3134;7058;4
3135;6882;6
3136;6745;2
3137;8033;5
3138;1334;2
3139;4248;7
3140;6607;2
3141;1270;3
3142;2241;6
3143;8799;3
3144;3865;5
3145;8029;7
3146;5014;5
3147;3473;5
3148;6577;4
3149;1337;1
3150;8812;5
3151;8536;4
3152;5898;4
3153;4766;5
3154;3784;2
3155;5601;2
3156;1514;3
3157;1098;5
3158;7715;4
3159;1870;4
3160;4192;4
3161;6422;4
3163;4043;4
3164;2306;6
3165;6229;5
3166;3243;7
3167;3445;3
3168;3075;1
3169;8098;5
3170;6537;3
3171;8880;2
3172;1634;3
3173;3861;1
3174;8803;1
3175;8863;5
3176;4656;1
3177;2318;2
3178;7195;6
3179;5336;7
3181;8196;6
3182;5959;3
3183;3393;1
3184;3083;5
3185;3913;6
3186;7537;3
3187;1685;2
3188;3202;3
3189;7357;3
3190;8653;6
3191;3131;7
3192;3971;4
3193;5889;2
3194;1422;6
3195;5649;3
3196;7794;1
3197;3804;4
3198;3497;4
3199;5332;4
3200;5140;7
3201;6869;6
3202;1826;2
3203;7332;7
3204;4575;4
3205;2524;7
3206;4036;5
3207;5366;4
3208;7870;6
3209;4805;3
3210;1683;4
3211;4921;3
3212;6426;7
3213;3385;6
3214;7344;7
3215;6645;6
3217;6489;6
3218;7797;6
3219;4527;3
3220;2291;1
3221;4864;6
3222;1705;7
3223;3398;6
3224;2852;7
3226;6205;6
3227;8020;3
3228;7453;7
3229;1286;1
3230;1273;2
3231;1216;6
3232;6783;3
3233;8131;4
3234;5629;2
3235;3074;1
3236;2820;1
3237;1999;5
3238;7035;5
3239;2655;5
3240;5395;4
3241;4744;6
3242;8755;2
3243;6238;6
3244;3671;6
3245;2602;5
3246;6623;5
3247;7490;6
3249;1622;6
3250;1712;3
3251;7633;7
3252;3368;3
3253;8970;1
3254;1043;5
3255;5970;5
3256;3925;6
3257;3097;5
3258;2527;3
3259;4947;2
3260;3199;3
3261;4896;6
3262;7991;3
3263;2275;2
3264;3233;6
3265;1799;6
3266;8061;7
3267;6429;3
3268;8265;7
3269;5765;3
3270;1968;6
3271;7058;5
3272;8427;7
3273;1795;7
3274;5131;4
3275;3714;5
3276;4083;5
3277;1170;7
3278;4082;5
3279;3527;1
3280;5534;1
3281;5132;5
3282;1316;7
3283;3190;1
3284;7290;5
3285;6268;6
3286;7094;5
3287;7923;5
3288;7182;5
3289;8490;7
3290;7770;6
3291;2624;2
3292;2591;6
3293;3318;3
3294;2884;6
3295;8284;1
3296;5822;2
3297;7878;5
3298;7527;3
3299;5897;2
3300;3403;5
3301;6081;6
3302;3808;4
3303;2831;3
3304;1837;3
3305;1153;4
3306;2465;1
3307;4495;1
3308;7010;7
3309;4052;3
3310;2268;1
3311;8519;7
3312;2103;6
3313;4727;1
3314;5484;4
3315;3429;1
3316;3046;7
3317;3438;6
3318;3904;7
3319;5608;7
3320;5925;5
3321;7916;7
3322;1098;3
3323;6857;5
3324;7815;3
3325;3080;2
3326;7496;1
3327;5236;6
3329;5195;1
3330;5687;6
3331;7758;1
3332;7573;5
3333;2380;6
3334;5767;5
3335;5095;1
3336;8944;5
3337;5725;4
3338;6761;6
3339;8704;6
3340;6332;1
3341;5138;6
3342;7437;5
3343;2908;6
3344;5312;3
3345;6410;2
3347;4933;6
3348;1982;5
3349;5500;4
3350;8181;5
3351;3741;2
3352;3068;5
3353;6611;7
3354;4997;1
3355;2457;7
3356;2705;6
3357;2481;2
3358;1168;4
3359;7583;5
3360;6385;7
3361;2297;5
3362;5904;1
3363;8809;2
3364;7916;6
3365;2050;7
3366;3580;3
3367;7387;4
3368;3822;5
3369;3727;3
3370;5460;2
3371;8294;2
3372;4512;7
3373;7447;6
3374;2318;5
3375;7429;2
3376;8402;3
3377;1307;6
3378;3448;4
3379;7181;5
3380;5540;1
3381;5397;3
3382;1305;3
3383;6895;3
3384;7199;6
3385;6393;4
3386;4472;6
3387;1925;7
3388;3170;7
3389;1470;4
3390;5335;3
3391;2451;1
3392;3599;3
3393;4421;1
3394;7444;2
3395;6329;2
3396;2139;5
3397;4131;6
3398;8848;1
3399;3929;3
3401;8305;1
3402;3225;5
3403;1582;2
3404;4546;4
3405;7957;5
3406;4142;4
3407;1137;4
3408;6073;2
3409;2528;1
3410;6912;1
3411;6655;3
3412;2809;1
3413;1676;3
3414;8969;6
3415;3033;1
3416;3330;5
3417;8929;1
3418;3401;1
3419;5364;5
3420;5680;4
3421;7856;1
3422;2259;1
3423;5858;5
3424;1221;3
3425;7135;7
3426;6490;2
3427;1475;2
3428;1103;2
3429;8333;1
3430;2793;7
3431;4924;7
3432;3706;3
3433;3759;5
3434;2657;3
3435;5857;6
3436;2919;4
3437;7704;6
3438;5070;7
3439;5757;3
3440;8517;6
3441;8050;5
3442;3086;5
3443;2871;2
3444;8615;1
3445;4521;7
3446;8355;3
3447;3183;4
3448;4932;7
3449;2581;4
3450;3897;4
3451;6681;1
3452;8179;7
3453;6039;2
3454;7325;6
3455;7031;2
3456;5821;3
3457;8278;7
3458;1703;1
3459;8382;2
3460;8524;2
3461;4334;3
3462;8140;5
3463;4171;6
3464;3757;5
3465;1923;6
3466;6442;6
3467;8242;2
3468;4112;5
3469;4482;5
3470;2508;4
3471;3555;4
3472;1923;2
3473;2837;5
3474;3861;2
3475;3204;6
3476;7334;2
3477;6067;6
3478;3998;7
3479;6158;1
3480;1186;3
3481;2484;5
3482;1884;3
3483;4464;3
3484;3502;3
3485;6152;6
3486;7841;4
3487;4242;6
3488;5480;5
3489;3212;7
3490;4453;4
3491;7744;1
3492;2891;4
3493;6650;6
3494;3159;2
3495;7216;3
3496;6720;6
3497;2518;2
3498;7282;5
3500;4409;7
3501;6504;7
3502;7372;4
3503;2106;5
3504;8185;2
3505;2792;3
3506;8777;4
3507;4872;6
3508;5735;5
3509;2825;6
3510;1631;5
3511;4899;6
3512;2266;7
3513;5609;7
3514;8136;4
3515;3933;7
3516;6709;1
3517;3477;6
3518;8253;1
3519;2292;3
3520;7186;5
3521;3280;7
3522;1281;4
3523;2543;3
3524;5233;2
3525;1068;5
3526;6462;5
3527;3845;3
3528;3010;5
3529;5799;5
3530;2452;5
3531;2589;1
3532;7915;6
3533;1068;6
3534;4018;3
3535;3049;7
3536;7894;5
3537;2163;5
3538;3476;2
3539;7607;4
3540;6036;4
3541;8566;6
3542;4597;1
3543;4116;5
3544;2573;1
3545;3954;7
3546;6632;1
3547;3390;4
3548;5540;1
3549;1791;5
3550;1475;5
3551;6996;6
3552;2549;3
3553;8522;5
3554;4114;3
3555;5672;5
3556;8502;6
3557;8915;7
3558;8230;5
3559;7702;2
3560;2418;5
3561;2192;5
3562;8177;7
3563;5376;3
3564;7796;7
3565;8091;2
3566;2556;1
3567;2788;7
3568;4587;6
3570;4981;7
3571;6106;3
3572;8317;5
3573;4951;2
3574;3971;2
3575;4972;4
3576;4928;1
3577;7761;5
3578;7386;3
3579;5924;4
3580;1594;7
3581;6498;5
3582;7696;6
3583;6031;3
3584;3582;6
3585;3584;4
3586;4184;6
3587;4337;1
3588;6035;7
3589;8883;1
3590;2054;3
3591;1084;5
3592;5572;6
3593;6785;7
3594;3526;5
3595;4292;2
3596;7161;5
3597;5663;6
3598;7626;5
3600;5475;3
3601;7573;2
3602;3136;1
3603;2188;3
3604;5895;5
3605;3583;5
3606;7768;2
3607;6766;2
3608;7136;1
3609;2391;7
3610;8164;3
3611;2593;2
3612;6563;7
3613;7936;3
3614;8322;6
3615;3426;6
3616;6122;2
3617;8532;1
3618;4301;5
3620;6832;3
3621;8135;4
3622;3044;3
3623;7802;3
3624;8514;2
3625;4161;2
3626;1501;6
3627;4747;2
3628;1347;1
3629;3412;5
3630;1811;1
3631;6238;2
3632;8350;7
3633;7783;4
3634;6093;7
3635;4600;5
3636;8192;4
3637;6386;1
3638;3491;2
3639;8936;5
3640;7542;1
3641;4006;3
3642;5028;6
3643;6757;1
3644;2449;4
3645;4312;1
3646;5663;1
3647;4956;3
3649;2142;3
3650;1271;2
3651;3202;5
3652;6777;6
3653;5680;1
3654;8262;1
3655;2085;2
3656;6344;5
3657;3879;1
3658;7084;2
3659;6458;1
3660;4962;2
3661;4731;3
3662;1862;5
3663;1108;5
3664;3917;7
3665;2795;2
3666;3423;3
3667;5658;2
3668;3970;5
3670;6051;5
3671;2654;6
3672;4237;5
3673;3445;3
3674;8336;7
3675;5565;4
3676;6012;5
3677;2409;1
3678;8489;6
3679;5223;5
3680;3182;5
3681;5326;6
3682;6155;2
3683;5796;5
3684;4997;4
3685;1719;2
3687;2772;2
3688;6602;3
3689;2821;7
3690;6738;3
3691;8053;5
3692;3380;1
3693;1753;6
3695;3287;7
3696;6761;2
3697;3520;1
3698;5854;1
3699;5651;2
3700;1988;4
3701;4963;4
3703;2080;1
3704;2541;1
3705;6374;1
3706;3897;6
3707;2353;5
3708;1564;3
3709;7896;6
3710;1972;3
3711;1905;5
3712;4397;1
3713;4151;7
3714;6157;3
3715;4868;1
3716;8540;3
3717;4291;1
3718;7822;5
3719;7789;5
3720;2490;1
3721;7921;1
3722;1290;1
3723;7733;1
3724;3085;5
3725;3402;4
3726;8839;5
3727;2798;5
3729;3622;2
3730;7925;6
3731;6710;1
3732;3885;7
3733;2585;1
3734;2865;5
3735;4280;3
3736;7936;5
3737;2846;6
3738;5001;5
3739;7215;6
3740;2140;1
3741;7277;6
3742;8687;5
3743;8633;5
3744;8606;3
3745;1936;7
3746;7643;3
3747;5767;1
3748;4621;2
3750;4003;6
3751;3550;5
3752;5946;7
3753;8919;7
3754;1341;6
3755;1677;7
3756;6833;6
3757;8276;3
3758;4486;3
3759;8913;7
3760;7866;1
3762;3231;3
3763;3477;1
3764;6586;3
3765;4733;2
3766;2973;4
3767;4043;1
3768;6854;6
3769;3170;1
3770;4237;7
3771;4275;4
3772;7155;1
3773;6548;6
3774;1623;4
3775;7945;3
3776;2485;2
3777;7315;1
3778;2745;5
3779;3437;5
3780;1574;7
3781;4299;6
3782;7511;5
3783;8613;4
3784;1809;2
3785;7469;5
3786;8772;3
3787;8534;7
3788;4705;3
3789;8062;4
3790;7150;5
3791;3931;4
3792;3402;2
3793;8455;5
3794;4469;4
3795;8762;4
3796;3726;2
3797;8213;7
3798;5438;3
3799;6313;2
3800;1276;3
3801;2346;7
3803;8828;7
3804;6846;6
3806;3525;4
3807;3144;2
3808;6154;1
3809;5933;6
3810;6490;2
3811;5859;2
3812;4035;3
3813;5284;7
3814;5794;3
3815;1032;5
3816;7613;5
3817;8102;2
3818;3636;6
3819;6673;3
3820;4922;7
3821;8041;7
3822;2399;6
3823;1565;7
3824;1649;4
3825;6229;1
3826;3982;6
3827;6181;6
3828;6468;4
3829;1524;2
3831;6552;4
3832;5290;3
3833;2841;7
3834;1580;4
3835;7801;2
3836;6255;3
3837;4869;2
3838;7652;1
3839;3185;6
3840;3405;2
3841;2105;6
3842;1991;1
3843;5040;4
3844;3190;7
3845;5340;3
3846;4176;7
3847;1382;2
3848;8814;6
3849;6339;6
3850;4201;4
3851;4895;4
3852;1021;6
3853;4828;5
3854;7199;6
3855;3313;7
3856;6785;4
3857;6057;6
3858;5039;4
3859;2863;4
3860;1823;4
3861;1809;6
3862;4479;7
3863;2919;1
3864;6544;6
3865;7580;5
3866;3567;3
3867;7151;4
3868;3356;4
3869;3834;2
3870;5479;1
3871;8821;1
3872;6096;7
3873;4439;3
3874;8099;4
3875;1993;3
3876;1716;2
3877;1861;2
3878;6632;2
3879;3621;5
3880;6518;1
3881;6221;2
3882;7999;1
3883;1458;1
3884;1965;7
3885;2817;1
3886;2914;2
3887;5630;5
3888;6371;4
3889;2861;2
3890;8754;5
3891;4129;6
3892;4712;6
3894;3013;3
3895;1134;5
3896;8651;1
3897;5748;4
3898;7318;2
3899;1514;5
3900;2658;1
3901;4244;6
3902;6318;7
3903;7621;6
3904;8821;7
3905;6142;7
3906;6613;2
3907;8844;6
3908;6194;2
3909;1920;6
3910;6498;1
3911;3359;5
3913;5593;2
3914;3516;7
3915;1224;7
3916;5907;3
3917;3154;7
3918;7765;3
3919;1066;4
3920;2101;1
3921;5282;7
3922;7687;4
3923;3387;7
3924;7206;2
3925;6103;2
3926;1487;2
3927;5713;4
3928;3418;5
3929;6238;3
3930;8492;2
3931;5414;4
3932;7051;5
3933;7199;7
3934;1346;1
3935;2220;7
3936;7346;6
3937;1637;4
3938;3909;7
3939;1704;6
3940;8294;7
3941;1038;6
3942;2575;1
3943;5512;3
3944;5423;3
3945;7793;2
3946;8229;6
3947;2454;3
3948;5940;7
3949;3655;3
3950;8061;7
3951;4454;1
3952;4677;2
3953;6270;1
3954;5356;3
3955;5281;5
3956;4598;4
3957;3093;7
3958;3559;1
3959;1425;4
3961;6138;6
3962;4354;4
3963;4066;3
3964;1172;5
3965;1171;7
3966;2980;2
3967;3970;5
3968;1495;6
3969;1941;1
3970;2210;6
3971;2010;7
3972;6203;3
3973;3334;7
3974;6280;5
3975;5163;7
3976;2947;3
3977;3027;6
3978;1279;6
3979;6274;3
3980;5724;7
3982;5122;5
3983;6516;3
3984;4729;5
3985;7350;6
3986;2294;4
3987;6191;6
3988;4609;7
3989;7715;6
3990;1372;2
3991;4331;1
3992;2612;3
3993;6653;4
3994;1316;7
3995;2840;3
3996;8130;4
3997;7499;1
3998;5924;3
3999;1323;5
4001;8287;3
4002;2069;1
4003;3357;4
4004;8401;7
4005;6993;2
4006;7357;3
4007;1334;2
4008;5065;6
4009;1597;3
4010;4478;2
4011;5343;4
4012;1766;2
4013;5285;3
4014;7589;6
4015;6447;2
4016;8588;4
4017;4362;2
4018;4986;2
4019;7232;2
4020;2319;6
4021;4867;6
4022;1054;1
4023;6392;7
4024;2173;3
4025;7576;1
4026;7005;2
4027;6910;7
4028;8451;3
4030;6218;7
4031;7021;2
4032;7182;1
4033;8965;1
4034;6146;4
4035;1727;4
4036;4015;1
4037;6264;5
4038;8967;4
4039;1794;1
4040;1281;7
4041;3285;3
4042;3905;6
4043;1593;6
4044;1546;4
4045;8967;4
4046;6285;2
4047;7801;7
4048;4577;1
4049;5457;6
4050;7828;6
4051;2838;4
4052;3960;2
4053;3074;1
4054;3792;3
4055;8579;4
4056;2225;6
4057;5047;6
4058;3136;1
4059;2918;5
4060;7539;5
4061;6368;1
4062;5369;5
4063;3971;2
4064;2342;7
4065;7131;7
4066;6982;4
4067;2936;2
4068;4459;5
4069;3286;5
4070;2287;2
4071;7317;5
4072;4142;1
4073;1575;7
4074;2691;5
4075;3720;2
4076;5976;3
4077;7197;2
4078;8948;7
4079;3613;6
4080;1861;3
4081;2804;2
4082;6786;3
4083;5898;5
4084;8313;7
4085;3862;2
4086;7589;3
4087;8347;6
4088;6281;2
4089;1802;2
4090;3058;4
4091;6418;6
4092;7700;1
4093;2422;2
4094;2031;5
4095;3418;6
4096;4191;3
4097;7584;6
4098;7538;4
4099;6868;6
4100;5758;3
4101;7462;7
4102;8267;2
4103;3881;3
4104;7716;1
4105;3635;3
4106;8162;3
4107;2419;2
4108;2529;3
4109;2594;4
4110;8694;7
4111;8015;2
4112;4635;4
4113;5196;7
4114;4153;4
4115;8656;2
4116;3389;6
4117;4328;6
4119;3056;1
4120;4679;6
4121;1391;1
4122;5610;6
4123;6577;2
4124;7424;6
4125;4755;4
4126;3324;1
4127;6708;7
4128;7149;3
4129;3903;4
4130;8008;1
4131;3516;1
4132;5086;4
4133;8149;3
4134;5651;7
4135;4193;5
4136;6194;2
4137;3143;7
4138;6082;1
4139;3948;3
4140;3931;2
4141;1613;1
4142;3624;2
4143;1637;4
4144;8867;4
4145;7183;3
4147;3312;5
4148;7907;7
4149;3499;1
4150;4249;4
4151;1564;3
4152;1548;5
4153;7688;6
4154;4375;4
4155;1996;1
4156;4927;3
4157;1360;7
4158;8938;3
4159;2869;7
4160;7503;5
4161;5443;6
4162;8486;1
4164;3500;7
4165;5403;6
4166;3506;1
4167;4261;6
4168;3653;5
4169;8823;4
4170;1054;7
4171;1605;7
4172;8999;7
4173;7494;1
4174;4556;3
4175;1766;1
4176;7186;1
4177;3103;2
4178;7877;2
4179;7365;4
4181;1588;5
4182;7049;6
4183;2082;1
4184;6505;5
4185;7929;3
4186;7334;2
4187;2117;1
4188;6882;4
4189;7303;3
4190;4499;6
4191;7863;4
4192;6195;5
4193;3041;5
4194;1871;1
4195;2988;5
4196;3287;5
4197;2704;2
4198;2822;6
4199;6779;5
4200;3400;2
4201;2355;4
4202;6884;1
4203;2663;2
4204;6032;4
4205;1645;6
4206;8836;6
4207;6018;4
4208;3262;4
4209;1666;6
4210;6826;3
4211;4778;2
4212;5443;7
4213;8912;3
4214;7078;6
4215;2293;4
4216;1717;6
4217;7428;6
4218;5937;6
4219;3954;5
4220;5163;6
4221;8128;7
4222;3965;5
4224;6672;6
4225;6276;6
4226;5532;3
4227;2963;4
4228;5119;4
4229;4728;2
4230;6652;2
4231;8671;1
4232;3306;6
4233;2842;6
4234;7760;5
4235;8023;2
4236;5894;3
4237;8834;4
4238;6581;1
4239;3413;7
4240;5144;4
4241;8478;3
4242;5521;5
4243;5523;7
4244;7313;3
4245;7087;4
4246;3183;4
4247;8923;5
4248;7942;1
4249;8551;1
4250;3685;3
4251;2307;5
4252;7780;7
4253;5377;3
4254;7136;2
4255;8083;6
4256;6224;4
4257;7240;5
4258;5909;3
4259;1326;6
4260;7241;6
4261;1013;2
4262;5856;6
4263;3930;3
4264;7967;2
4265;8472;5
4266;6198;3
4267;2192;5
4268;4118;7
4269;7892;4
4270;8062;6
4271;3720;3
4273;6885;6
4276;1580;3
4277;8571;1
4278;5289;6
4279;1930;6
4280;8027;1
4281;5683;4
4282;8106;4
4283;4464;4
4284;4138;7
4285;4077;7
4286;4108;4
4287;4100;3
4288;5896;5
4289;3614;7
4290;2505;1
4291;1459;2
4292;1174;6
4293;6808;2
4294;4286;1
4295;2400;1
4296;1070;2
4297;7544;1
4298;7866;5
4299;5981;7
4300;8179;6
4301;4878;6
4302;5149;4
4303;3218;6
4304;8673;4
4305;1587;3
4306;5969;2
4307;2376;5
4308;8361;3
4309;6159;4
4310;2937;6
4311;4174;6
4312;8043;4
4313;2582;2
4314;7522;2
4315;2543;6
4316;4774;2
4317;2139;7
4318;7223;4
4319;1765;4
4320;6795;3
4321;5953;3
4322;4426;7
4323;6526;6
4324;2685;4
4325;4676;1
4326;4304;3
4327;6072;6
4328;7575;4
4329;5721;1
4330;8629;1
4331;3807;3
4332;2442;1
4333;5650;2
4334;1849;5
4335;6862;6
4336;6134;4
4337;5083;5
4338;3001;3
4339;2003;2
4340;1062;1
4341;4597;6
4342;1245;5
4343;8662;7
4344;4766;5
4345;7755;1
4346;6386;4
4347;5768;6
4348;7024;4
4349;6198;3
4350;4312;3
4351;6859;4
4352;7298;6
4353;2402;7
4354;3975;5
4355;2593;3
4356;4798;3
4357;2352;7
4358;6406;2
4359;8591;3
4360;2559;2
4361;6435;6
4363;7151;1
4364;3877;1
4365;2438;4
4366;8186;7
4367;5819;1
4368;3279;7
4369;7376;1
4370;6098;5
4371;3912;3
4372;3482;7
4373;4459;3
4374;2724;3
4375;2592;7
4376;8648;3
4377;4750;2
4378;7766;6
4379;5932;1
4380;4746;5
4381;5321;7
4382;5979;5
4383;6172;1
4384;7344;4
4385;6852;1
4386;4698;3
4387;3276;7
4388;5307;7
4389;5052;7
4390;1602;2
4391;7267;2
4392;7762;4
4394;5042;7
4395;3301;7
4396;1716;2
4397;6315;4
4398;4404;6
4399;6367;4
4400;1786;6
4401;5340;2
4402;4884;5
4403;8934;7
4404;4160;7
4405;3232;3
4406;2189;5
4407;2008;2
4408;3971;5
4409;3406;7
4410;2761;2
4411;8650;5
4412;3347;3
4413;8311;1
4414;2385;3
4415;2346;4
4416;3798;1
4417;2394;3
4418;6961;5
4419;7681;5
4420;1947;1
4421;5313;6
4422;8005;3
4423;3911;5
4424;6496;2
4425;8498;3
4427;4676;7
4428;1647;2
4429;8622;6
4430;5743;6
4431;3342;1
4432;6538;1
4433;2785;3
4434;2222;4
4435;3507;6
4436;2623;6
4437;6649;2
4438;6085;4
4439;1525;6
4440;6768;7
4441;5151;7
4442;7648;1
4443;2829;6
4444;7770;4
4445;4145;2
4446;2193;3
4447;1376;6
4448;7408;1
4449;4196;6
4450;4291;1
4451;2217;3
4452;5228;3
4453;7719;5
4454;6003;6
4455;5395;4
4457;2479;7
4458;6851;3
4459;1357;1
4460;3430;4
4461;3362;2
4462;4275;3
4463;7911;6
4464;7452;1
4465;8186;7
4466;1123;5
4467;3246;7
4468;2726;7
4469;7137;6
4470;8345;5
4472;8088;6
4473;6022;5
4474;4771;7
4475;1869;2
4476;5621;1
4477;7701;6
4478;5065;4
4479;2283;5
4480;8001;3
4481;2845;1
4482;6383;1
4483;7990;1
4484;5735;5
4485;2682;4
4486;5361;5
4487;8174;6
4488;6428;1
4489;5885;6
4490;2349;5
4491;3759;7
4492;3984;3
4493;3761;5
4494;5571;7
4495;6318;6
4496;4911;4
4497;8775;1
4498;7863;1
4499;1472;4
4500;3691;4
4501;3101;3
4502;1526;2
4503;7493;1
4504;7636;4
4505;5281;6
4506;4511;2
4507;5653;5
4508;6381;4
4509;3566;4
4510;4253;5
4511;1960;7
4512;2398;3
4513;4184;1
4514;8041;7
4515;5903;5
4516;7063;5
4517;6807;6
4518;8647;7
4519;2729;7
4520;7661;5
4521;1392;2
4522;5366;7
4523;3552;1
4524;1889;3
4525;6303;1
4526;1355;6
4527;7264;1
4528;8900;3
4529;6750;6
4530;1777;7
4531;8341;4
4532;1648;1
4533;3508;5
4534;6518;7
4536;2432;1
4537;6111;6
4538;5196;3
4539;7493;3
4540;2929;6
4541;1590;5
4542;4381;4
4543;1951;6
4544;6290;2
4545;2947;2
4546;1332;4
4547;6714;5
4548;2205;3
4549;7656;3
4550;5692;6
4551;8896;5
4552;8656;2
4553;7572;7
4554;1619;2
4555;6881;2
4556;1601;7
4557;5249;1
4558;1323;3
4560;5464;5
4561;2004;5
4562;8358;4
4563;4475;7
4564;5915;1
4565;2696;6
4566;5134;7
4567;3383;7
4568;6561;2
4569;7714;3
4570;8457;2
4571;7405;5
4572;5232;2
4573;5087;1
4574;2046;3
4575;3529;3
4576;4045;4
4577;8466;7
4578;8549;1
4579;3605;2
4580;9000;4
4581;1957;5
4582;4267;3
4583;7919;4
4584;2800;2
4585;6315;1
4586;1046;2
4587;3960;4
4588;8752;2
4589;7386;4
4590;7689;6
4591;4570;7
4592;1606;1
4593;7663;1
4594;3805;3
4595;3981;4
4596;8361;4
4597;1750;2
4598;4949;6
4599;2199;6
4600;6325;3
4601;2734;4
4602;2435;5
4603;8797;6
4604;8349;4
4605;7357;3
4606;4482;7
4607;3095;2
4608;2530;6
4609;7417;5
4610;2259;7
4611;8177;2
4612;5108;4
4613;8009;3
4614;3066;1
4615;3424;6
4616;1539;7
4618;3401;5
4619;3332;6
4620;2408;3
4621;2874;1
4622;3440;7
4623;5270;5
4624;2143;2
4625;4575;7
4626;2418;6
4627;4534;5
4628;1903;3
4629;8742;6
4630;7622;6
4631;6353;5
4632;1756;5
4633;7711;5
4634;5234;2
4635;6343;4
4636;1056;6
4637;5173;2
4638;5543;7
4639;3851;4
4640;6483;7
4641;2329;6
4642;6108;5
4643;3843;3
4644;4670;2
4645;8473;1
4646;8564;5
4647;4871;4
4648;2421;1
4649;8708;4
4650;8724;2
4651;1944;6
4652;5442;7
4653;6289;3
4654;6064;3
4655;1030;2
4656;3556;6
4657;5329;3
4660;1209;5
4661;1520;1
4662;3235;6
4663;3068;6
4664;5308;5
4665;1984;7
4666;4957;6
4667;5223;6
4668;1246;7
4669;4135;3
4670;4420;4
4671;1079;3
4672;2686;4
4673;1848;6
4674;8484;1
4675;6950;1
4676;2984;4
4677;4869;5
4678;8277;6
4679;6138;4
4680;6628;5
4681;8070;5
4682;7722;7
4683;1093;4
4684;8501;1
4685;7274;1
4686;2141;5
4687;8027;5
4688;4463;1
4689;6873;7
4690;4662;5
4691;3040;1
4692;1770;6
4693;6904;4
4694;1545;2
4695;3575;4
4696;4491;2
4697;7352;7
4698;5993;2
4699;2290;3
4700;4946;7
4701;7413;3
4702;6991;2
4703;4162;4
4704;7242;6
4705;6353;5
4706;2959;7
4708;7487;5
4709;2281;6
4710;8502;4
4711;1484;2
4712;4960;6
4713;7574;4
4714;4015;2
4715;2348;4
4716;5747;3
4717;6216;7
4718;2177;5
4719;4042;3
4720;3900;2
4721;3065;7
4722;6999;6
4723;5930;5
4724;2839;5
4725;3400;7
4726;3459;2
4727;5408;6
4728;4524;1
4729;6661;6
4730;8347;6
4731;1045;2
4732;3435;2
4733;5777;4
4734;8937;2
4735;4143;2
4736;8096;6
4737;7922;5
4738;2131;3
4739;5327;3
4740;8006;1
4741;7752;4
4742;8234;2
4743;2073;6
4744;7243;2
4745;5720;4
4746;3905;5
4747;7411;2
4748;6954;3
4749;2954;2
4750;2989;4
4751;1361;5
4752;2853;7
4753;5808;4
4754;3759;6
4755;6202;7
4756;4544;3
4757;1980;6
4758;7065;1
4759;8361;1
4760;1419;7
4761;8698;7
4762;6264;5
4763;4629;5
4764;8411;7
4765;1445;2
4766;4180;4
4767;6723;6
4768;3282;3
4769;3541;3
4770;1642;7
4771;7708;1
4772;5023;3
4773;6336;7
4774;7337;7
4775;5619;6
4776;2312;5
4777;4401;5
4778;1069;1
4779;1301;3
4780;5813;3
4781;4270;2
4782;3912;7
4783;7771;7
4784;4105;6
4785;4460;4
4786;4269;1
4787;6005;3
4788;8772;7
4789;3789;3
4790;8135;7
4791;1575;2
4792;6762;5
4793;8191;6
4794;5419;2
4795;2985;4
4797;3796;7
4798;1252;5
4799;8073;4
4800;7845;1
4801;2621;5
4802;3624;4
4803;1442;3
4804;5153;1
4805;8235;4
4806;8847;1
4807;8677;7
4808;3963;7
4809;5165;3
4810;4329;5
4811;1801;1
4812;1841;5
4813;3136;2
4814;3966;6
4815;4048;1
4816;6630;1
4817;1230;4
4818;4105;1
4819;5571;6
4820;2827;1
4821;2627;6
4822;1555;6
4823;7536;1
4824;1176;5
4825;5311;1
4826;3715;4
4827;7934;4
4828;4513;5
4829;8115;6
4830;1789;5
4831;5774;6
4832;3615;5
4833;5240;2
4834;7118;6
4835;1136;3
4836;2816;5
4837;6827;7
4838;8653;3
4839;8999;6
4840;8664;6
4842;5574;6
4843;2797;5
4844;8356;5
4845;5091;7
4846;7973;5
4847;7622;1
4848;7693;3
4849;7364;1
4850;1925;6
4851;3437;7
4852;4869;5
4853;8957;1
4854;4053;4
4855;8916;1
4856;2173;7
4857;4573;1
4858;4084;2
4859;7276;7
4860;5809;5
4861;5558;2
4862;4796;2
4863;7266;7
4864;8567;7
4865;7643;6
4866;3233;2
4867;6449;7
4868;7641;6
4869;5333;7
4870;5600;7
4871;2866;3
4872;1795;7
4873;5361;4
4874;3347;1
4876;5261;5
4877;6262;4
4878;8830;5
4879;7848;4
4880;3286;7
4881;4200;5
4882;2353;4
4883;8637;5
4884;6506;1
4885;5951;4
4887;7756;7
4888;2094;6
4889;4613;2
4890;4099;2
4891;8287;3
4892;2238;1
4893;8720;5
4894;6877;6
4895;3451;2
4897;8442;5
4898;2723;2
4899;6676;4
4900;2225;1
4901;1400;4
4902;6944;1
4904;4037;2
4905;4590;1
4906;2758;6
4907;7665;3
4908;1559;3
4909;7756;6
4911;8149;4
4912;4978;1
4913;5177;3
4914;7404;2
4915;4679;5
4916;6940;6
4917;2571;6
4918;5784;6
4919;2828;1
4920;5585;4
4921;8225;1
4922;7687;1
4923;5519;5
4925;1665;6
4926;3048;3
4927;1622;3
4928;3998;6
4929;4564;5
4930;4888;6
4931;8331;1
4932;2109;4
4933;3236;7
4934;5715;1
4935;4177;3
4936;7092;4
4937;6878;3
4938;5258;6
4940;2171;4
4941;7980;3
4942;5141;7
4943;3716;2
4944;5712;2
4945;3764;5
4946;6753;1
4947;2078;2
4949;6259;6
4950;7573;5
4951;2315;4
4952;2705;5
4953;8146;6
4954;2959;1
4955;7958;4
4956;5789;3
4957;5822;2
4958;1011;1
4959;2745;7
4960;7516;2
4961;4673;2
4962;1745;1
4963;6316;1
4964;3533;4
4965;1875;3
4966;5901;7
4967;2042;5
4968;7364;6
4969;2266;6
4971;6175;2
4972;4216;7
4973;6689;3
4974;4984;3
4975;1559;4
4976;4019;6
4978;2888;7
4979;2828;1
4981;8031;4
4982;8607;6
4983;4769;5
4984;5003;6
4985;8359;4
4986;4565;5
4987;1595;3
4989;2314;5
4990;6437;6
4991;1849;2
4992;1271;7
4993;8557;4
4994;6686;3
4995;6763;6
4996;4821;3
4997;3300;1
4998;1599;3
4999;6137;4
